COMMODITY_RELEASED_TYPE,n,sig,fatal,injure,cost_per,ipm,spm
Hydrogen Gas,5,4,0,0,1910602.6240706728,0.321655381054718,0.25913314658508474
Landfill Gas,1,0,0,0,31055.950769064973,0.4286969755428376,0
Natural Gas,1220,742,18,48,793261.6889777484,0.36817620728903055,0.2234104189533663
Other Gas,6,5,0,0,1945059.0609200655,0.506589321705031,0.4181958292339467
NA,19,10,4,1,5179484.351565097,NA,NA
